username,first_name,last_name,email,password
daniel41,Diane,Olson,wellsangela@example.com,xy2B_Xzwl(
fgarza,Kristopher,Conner,umoore@example.org,)dYsfhta2t
sanchezlacey,Evelyn,Bernard,henrynguyen@example.com,Yc4YxOmi7@
bking,Dawn,Ramirez,ihall@example.net,on6fT_zB6!
joshuahale,Alexis,Baird,haynesjeffery@example.org,JdpJ#2p8_9
bmueller,Caroline,Sparks,clarkkimberly@example.org,l!P9FPgT8O
michellenielsen,Stephen,White,watsonsuzanne@example.net,K3+W!tNl$u
wmartin,Timothy,Hughes,npearson@example.net,(8G7l#kpIJ
hsmith,Kelly,Perry,tina54@example.com,n515NRgqB)
josephsanders,Kelsey,Sanchez,troyjohnson@example.net,HDH4H3Qa$%
